{"cameraMode":{"drawMode":0,"name":"Shaded","section":"Shading Mode"},"sceneLighting":true,"audioPlay":false,"sceneViewState":{"showFog":true,"showMaterialUpdate":false,"showSkybox":true,"showFlares":true,"showImageEffects":true,"showParticleSystems":true},"in2DMode":false,"pivot":{"x":-0.0023090988397598268,"y":-0.3896161913871765,"z":-1.3753623962402344},"rotation":{"x":-0.003300013020634651,"y":0.992732048034668,"z":-0.11699427664279938,"w":-0.028001751750707628},"size":2.939955711364746,"orthographic":false}