{"cameraMode":{"drawMode":0,"name":"Shaded","section":"Shading Mode"},"sceneLighting":true,"audioPlay":false,"sceneViewState":{"showFog":true,"showMaterialUpdate":false,"showSkybox":true,"showFlares":true,"showImageEffects":true,"showParticleSystems":true},"in2DMode":false,"pivot":{"x":0.2614063024520874,"y":-0.38730478286743166,"z":-19.666208267211915},"rotation":{"x":0.2291599065065384,"y":0.6635836362838745,"z":-0.22507214546203614,"w":0.6756368279457092},"size":19.806894302368165,"orthographic":true}