{"cameraMode":{"drawMode":0,"name":"Shaded","section":"Shading Mode"},"sceneLighting":false,"audioPlay":false,"sceneViewState":{"showFog":true,"showMaterialUpdate":false,"showSkybox":true,"showFlares":true,"showImageEffects":true,"showParticleSystems":true},"in2DMode":false,"pivot":{"x":-1.4199999570846558,"y":0.7300000190734863,"z":2.940000057220459},"rotation":{"x":0.16837070882320405,"y":0.48785558342933657,"z":-0.0965133085846901,"w":0.8510778546333313},"size":4.041658401489258,"orthographic":false}