{"cameraMode":{"drawMode":0,"name":"Shaded","section":"Shading Mode"},"sceneLighting":false,"audioPlay":false,"sceneViewState":{"showFog":true,"showMaterialUpdate":false,"showSkybox":true,"showFlares":true,"showImageEffects":true,"showParticleSystems":true},"in2DMode":false,"pivot":{"x":-0.4199995994567871,"y":0.49000000953674319,"z":-66.48999786376953},"rotation":{"x":0.16837070882320405,"y":0.48785558342933657,"z":-0.0965133085846901,"w":0.8510778546333313},"size":4.041658401489258,"orthographic":false}