{"cameraMode":{"drawMode":0,"name":"Shaded","section":"Shading Mode"},"sceneLighting":false,"audioPlay":false,"sceneViewState":{"showFog":true,"showMaterialUpdate":false,"showSkybox":true,"showFlares":true,"showImageEffects":true,"showParticleSystems":true},"in2DMode":false,"pivot":{"x":-1.4199999570846558,"y":0.7300000190734863,"z":2.940000057220459},"rotation":{"x":-0.1659567803144455,"y":-0.5933321118354797,"z":0.12666092813014985,"w":-0.7774139642715454},"size":4.041658401489258,"orthographic":false}