{"cameraMode":{"drawMode":0,"name":"Shaded","section":"Shading Mode"},"sceneLighting":false,"audioPlay":false,"sceneViewState":{"showFog":true,"showMaterialUpdate":false,"showSkybox":true,"showFlares":true,"showImageEffects":true,"showParticleSystems":true},"in2DMode":false,"pivot":{"x":-4.320000171661377,"y":0.8499999046325684,"z":5.420003890991211},"rotation":{"x":-0.18407392501831056,"y":-0.425259530544281,"z":0.08878301829099655,"w":-0.8816965222358704},"size":0.7144709229469299,"orthographic":false}