{"cameraMode":{"drawMode":0,"name":"Shaded","section":"Shading Mode"},"sceneLighting":true,"audioPlay":false,"sceneViewState":{"showFog":true,"showMaterialUpdate":false,"showSkybox":true,"showFlares":true,"showImageEffects":true,"showParticleSystems":true},"in2DMode":false,"pivot":{"x":-0.01999974250793457,"y":-0.09999990463256836,"z":-65.0999984741211},"rotation":{"x":0.3257609009742737,"y":0.6008529663085938,"z":-0.292701780796051,"w":0.6687161922454834},"size":17.575992584228517,"orthographic":false}